"Command to create Don's list: select moller_quality.run, run_start, quality, task, comment from moller_quality, moller_settings  where moller_settings.run=moller_quality.run and task='pol'and quality='good' order by moller_quality.run;",,,,
run,run_start,quality,task,comment
16692,7/10/19 22:44,good,pol,
16693,7/10/19 22:50,good,pol,
16694,7/10/19 22:59,good,pol,
16695,7/10/19 23:05,good,pol,
16696,7/10/19 23:08,good,pol,
16697,7/10/19 23:17,good,pol,
16698,7/10/19 23:18,good,pol,
16699,7/10/19 23:28,good,pol,
16700,7/10/19 23:32,good,pol,
16701,7/10/19 23:37,good,pol,
16702,7/10/19 23:45,good,pol,
16705,beam_pol,NULL,,
16706,7/11/19 0:41,good,pol,"HV OFF ch0,4"
16707,7/11/19 0:46,good,pol,"HV OFF ch0,4"
16708,7/11/19 0:52,good,pol,
16709,7/11/19 0:57,good,pol,
16710,7/11/19 1:03,good,pol,
16711,7/11/19 1:10,good,pol,
16712,7/11/19 1:14,good,pol,
16713,7/11/19 1:20,good,pol,
16714,7/11/19 1:27,good,pol,
16857,beam_pol,NULL,,
16858,beam_pol,NULL,,
16859,beam_pol,NULL,,
16860,beam_pol,NULL,,
16861,beam_pol,NULL,,
16885,7/24/19 9:51,good,pol,Short no beam
16886,7/24/19 9:53,good,pol,
16887,7/24/19 9:58,good,pol,
16888,7/24/19 10:02,good,pol,
16889,7/24/19 10:08,good,pol,
16890,7/24/19 10:12,good,pol,
16891,7/24/19 10:23,good,pol,
16892,7/24/19 10:28,good,pol,
16893,7/24/19 10:32,good,pol,
16894,7/24/19 10:36,good,pol,Short
16934,7/24/19 15:30,good,pol,Spin dance verification
16935,7/24/19 15:35,good,pol,Spin dance verification
16936,7/24/19 15:42,good,pol,Spin dance verification
16937,7/24/19 15:46,good,pol,Spin dance verification
16938,7/24/19 15:50,good,pol,Spin dance verification
16939,7/24/19 15:54,good,pol,Spin dance verification
17094,8/5/19 1:28,good,pol,Cycle Q1 prior to this run to 130.9A
17095,8/5/19 1:33,good,pol,Q1 set at 130.9A
17096,8/5/19 1:37,good,pol,Q1 set at 130.9A
17097,8/5/19 1:41,good,pol,Q1 set at 130.9A
17098,8/5/19 1:45,good,pol,Q1 set at 130.9A
17099,8/5/19 1:49,good,pol,Q1 set at 130.9A
17100,8/5/19 1:53,good,pol,Q1 set at 130.9A
17101,8/5/19 1:59,good,pol,Q1 set at 130.9A
17102,8/5/19 2:07,good,pol,Q1 set at 130.9A
17103,8/5/19 2:11,good,pol,Q1 set at 130.9A
17104,8/5/19 2:15,good,pol,Q1 set at 130.9A
17105,8/5/19 2:19,good,pol,Q1 set at 130.9A
17106,8/5/19 2:23,good,pol,Q1 set at 130.9A
17107,8/5/19 2:27,good,pol,Q1 set at 130.9A
17108,8/5/19 2:32,good,pol,Q1 set at 130.9A
17109,8/5/19 2:35,good,pol,Q1 set at 130.9A
17110,8/5/19 2:39,good,pol,Q1 set at 130.9A
17111,8/5/19 2:43,good,pol,Q1 set at 130.9A
17112,8/5/19 2:48,good,pol,Q1 set at 130.9A
17113,8/5/19 2:52,good,pol,Q1 set at 130.9A
17114,8/5/19 2:56,good,pol,Q1 set at 130.9A
17115,8/5/19 3:01,good,pol,Q1 set at 130.9A
17116,8/5/19 3:05,good,pol,Q1 set at 130.9A
17117,8/5/19 3:09,good,pol,Q1 set at 130.9A
17118,8/5/19 3:15,good,pol,Q1 set at 130.9A
17119,8/5/19 3:20,good,pol,Q1 set at 130.9A
17120,8/5/19 3:24,good,pol,Q1 set at 130.9A
17121,8/5/19 3:28,good,pol,Q1 set at 130.9A
17122,8/5/19 3:32,good,pol,Q1 set at 130.9A
17123,8/5/19 3:36,good,pol,Q1 set at 130.9A
17124,8/5/19 3:40,good,pol,Q1 set at 130.9A
17125,8/5/19 3:44,good,pol,Q1 set at 130.9A
17126,beam_pol,NULL,,
17127,beam_pol,NULL,,
17128,beam_pol,NULL,,
17129,beam_pol,NULL,,
17130,beam_pol,NULL,,
17131,beam_pol,NULL,,
17132,beam_pol,NULL,,
17133,beam_pol,NULL,,
17134,beam_pol,NULL,,
17135,beam_pol,NULL,,
17136,beam_pol,NULL,,
17137,beam_pol,NULL,,
17138,beam_pol,NULL,,
17139,beam_pol,NULL,,
17140,beam_pol,NULL,,
17141,beam_pol,NULL,,
17142,beam_pol,NULL,,
17143,beam_pol,NULL,,
17144,beam_pol,NULL,,
17145,beam_pol,NULL,,
17146,beam_pol,NULL,,
17147,beam_pol,NULL,,
17148,beam_pol,NULL,,
17149,beam_pol,NULL,,
17150,beam_pol,NULL,,
17151,beam_pol,NULL,,
17152,beam_pol,NULL,,
17153,beam_pol,NULL,,
17154,beam_pol,NULL,,
17155,beam_pol,NULL,,
17156,beam_pol,NULL,,
17157,beam_pol,NULL,,
17158,beam_pol,NULL,,
17159,beam_pol,NULL,,
17160,beam_pol,NULL,,
17161,beam_pol,NULL,,
17162,beam_pol,NULL,,
17163,beam_pol,NULL,,
17164,beam_pol,NULL,,
17165,beam_pol,NULL,,
17166,beam_pol,NULL,,
17167,beam_pol,NULL,,
17168,beam_pol,NULL,,
17169,beam_pol,NULL,,
17170,beam_pol,NULL,,
17171,beam_pol,NULL,,
17172,beam_pol,NULL,,
17173,beam_pol,NULL,,
17220,8/10/19 13:03,good,pol,
17221,8/10/19 13:07,good,pol,
17241,8/10/19 14:37,good,pol,
17242,8/10/19 14:38,good,pol,
17243,8/10/19 14:44,good,pol,
17244,8/10/19 14:46,good,pol,
17279,8/10/19 17:45,good,pol,
17280,8/10/19 17:48,good,pol,
17281,8/10/19 17:51,good,pol,
17282,8/10/19 17:56,good,pol,
17283,8/10/19 17:58,good,pol,
17284,8/10/19 18:01,good,pol,
17286,8/10/19 18:11,good,pol,
17287,8/10/19 18:14,good,pol,
17288,8/10/19 18:16,good,pol,
17289,8/10/19 18:19,good,pol,
17290,8/10/19 18:21,good,pol,
17291,8/10/19 18:24,good,pol,
17292,8/10/19 18:27,good,pol,
17293,8/10/19 18:29,good,pol,
17294,8/10/19 18:35,good,pol,
17295,8/10/19 18:37,good,pol,
17296,8/10/19 18:40,good,pol,
17297,8/10/19 18:42,good,pol,
17298,8/10/19 18:45,good,pol,
17299,8/10/19 18:47,good,pol,
17300,8/10/19 18:54,good,pol,
17301,8/10/19 18:56,good,pol,
17302,8/10/19 18:58,good,pol,
17303,8/10/19 19:07,good,pol,HWP changed to out
17304,8/10/19 19:09,good,pol,
17305,8/10/19 19:11,good,pol,
17306,8/10/19 19:17,good,pol,
17307,8/10/19 19:21,good,pol,
17308,8/10/19 19:24,good,pol,
17309,8/10/19 19:26,good,pol,
17310,8/10/19 19:29,good,pol,
17311,8/10/19 19:31,good,pol,
17312,8/10/19 19:34,good,pol,
17313,8/10/19 19:36,good,pol,
17314,8/10/19 19:38,good,pol,
17315,8/10/19 19:41,good,pol,
17316,8/10/19 19:43,good,pol,
17317,8/10/19 19:45,good,pol,
17318,8/10/19 19:47,good,pol,
17319,8/10/19 19:49,good,pol,
17320,8/10/19 19:52,good,pol,
17321,8/10/19 19:54,good,pol,
17322,8/10/19 19:56,good,pol,
17323,8/10/19 19:58,good,pol,
17324,8/10/19 20:01,good,pol,
17325,8/10/19 20:03,good,pol,
17326,8/10/19 20:05,good,pol,
17327,8/10/19 20:07,good,pol,
17328,8/10/19 20:09,good,pol,
17329,beam_pol,NULL,,
17330,beam_pol,NULL,,
17331,beam_pol,NULL,,
17332,beam_pol,NULL,,
17333,beam_pol,NULL,,
17334,beam_pol,NULL,,
17335,beam_pol,NULL,,
17336,beam_pol,NULL,,
17337,beam_pol,NULL,,
17338,beam_pol,NULL,,
17339,beam_pol,NULL,,
17340,beam_pol,NULL,,
17341,beam_pol,NULL,,
17342,beam_pol,NULL,,
17343,beam_pol,NULL,,
17344,beam_pol,NULL,,
17345,beam_pol,NULL,,
17346,beam_pol,NULL,,
17347,beam_pol,NULL,,
17348,beam_pol,NULL,,
17349,beam_pol,NULL,,
17350,beam_pol,NULL,,
17351,beam_pol,NULL,,
17352,beam_pol,NULL,,
17353,beam_pol,NULL,,
17354,beam_pol,NULL,,
17355,beam_pol,NULL,,
17356,beam_pol,NULL,,
17357,beam_pol,NULL,,
17358,beam_pol,NULL,,
17359,beam_pol,NULL,,
17360,beam_pol,NULL,,
17361,beam_pol,NULL,,
17362,beam_pol,NULL,,
17363,beam_pol,NULL,,
17364,beam_pol,NULL,,
17365,beam_pol,NULL,,
17366,beam_pol,NULL,,
17367,beam_pol,NULL,,
17368,beam_pol,NULL,,
17369,beam_pol,NULL,,
17370,beam_pol,NULL,,
17371,beam_pol,NULL,,
17372,beam_pol,NULL,,
17373,beam_pol,NULL,,
17374,beam_pol,NULL,,
17375,beam_pol,NULL,,
17376,beam_pol,NULL,,
17377,beam_pol,NULL,,
17378,beam_pol,NULL,,
17379,beam_pol,NULL,,
17380,beam_pol,NULL,,
17381,beam_pol,NULL,,
17382,beam_pol,NULL,,
17383,beam_pol,NULL,,
17384,beam_pol,NULL,,
17385,beam_pol,NULL,,
17386,beam_pol,NULL,,
17387,beam_pol,NULL,,
17388,beam_pol,NULL,,
17389,beam_pol,NULL,,
17390,beam_pol,NULL,,
17391,beam_pol,NULL,,
17392,beam_pol,NULL,,
17393,beam_pol,NULL,,
17394,beam_pol,NULL,,
17395,beam_pol,NULL,,
17396,beam_pol,NULL,,
17397,beam_pol,NULL,,
17398,beam_pol,NULL,,
17399,beam_pol,NULL,,
17400,beam_pol,NULL,,
17401,beam_pol,NULL,,
17402,beam_pol,NULL,,
17403,beam_pol,NULL,,
17404,beam_pol,NULL,,
17405,beam_pol,NULL,,
17406,beam_pol,NULL,,
17407,beam_pol,NULL,,
17408,beam_pol,NULL,,
17409,beam_pol,NULL,,
17410,beam_pol,NULL,,
17411,beam_pol,NULL,,
17412,beam_pol,NULL,,
17413,beam_pol,NULL,,
17414,beam_pol,NULL,,
17415,beam_pol,NULL,,
17416,beam_pol,NULL,,
17417,beam_pol,NULL,,
17418,beam_pol,NULL,,
17419,beam_pol,NULL,,
17420,beam_pol,NULL,,
17453,8/18/19 13:18,good,pol,
17454,8/18/19 13:21,good,pol,
17455,8/18/19 13:25,good,pol,
17456,8/18/19 13:29,good,pol,
17457,8/18/19 13:32,good,pol,
17458,8/18/19 13:34,good,pol,
17459,8/18/19 13:37,good,pol,
17460,8/18/19 13:39,good,pol,
17463,8/18/19 14:04,good,pol,
17464,8/18/19 14:06,good,pol,
17465,8/18/19 14:10,good,pol,
17466,8/18/19 14:14,good,pol,
17467,8/18/19 14:17,good,pol,
17468,8/18/19 14:19,good,pol,
17469,8/18/19 14:21,good,pol,
17470,8/18/19 14:24,good,pol,
17471,8/18/19 14:26,good,pol,
17472,8/18/19 14:28,good,pol,
17473,8/18/19 14:31,good,pol,
17474,8/18/19 14:33,good,pol,
17475,8/18/19 14:35,good,pol,
17476,8/18/19 14:38,good,pol,
17477,8/18/19 14:40,good,pol,
17478,8/18/19 14:44,good,pol,
17479,8/18/19 14:46,good,pol,
17480,8/18/19 14:49,good,pol,
17481,beam_pol,NULL,,
17482,beam_pol,NULL,,
17483,beam_pol,NULL,,
17484,beam_pol,NULL,,
17485,beam_pol,NULL,,
17486,beam_pol,NULL,,
17487,beam_pol,NULL,,
17488,beam_pol,NULL,,
17489,beam_pol,NULL,,
17490,beam_pol,NULL,,
17491,8/18/19 15:15,good,pol,
17492,8/18/19 15:17,good,pol,
17493,8/18/19 15:19,good,pol,
17494,8/18/19 15:22,good,pol,
17495,8/18/19 15:24,good,pol,
17496,8/18/19 15:26,good,pol,
17497,8/18/19 15:28,good,pol,
17521,8/21/19 11:26,good,pol,
17522,8/21/19 11:28,good,pol,
17523,8/21/19 11:31,good,pol,
17524,8/21/19 11:33,good,pol,
17525,8/21/19 11:35,good,pol,
17526,8/21/19 11:38,good,pol,
17527,8/21/19 11:40,good,pol,
17528,8/21/19 11:43,good,pol,
17529,8/21/19 11:45,good,pol,
17530,8/21/19 11:47,good,pol,
17531,8/21/19 11:49,good,pol,
17532,8/21/19 11:51,good,pol,
17533,8/21/19 11:53,good,pol,
17534,8/21/19 11:56,good,pol,
17535,8/21/19 11:58,good,pol,
17536,8/21/19 12:00,good,pol,
17537,8/21/19 12:02,good,pol,
17538,8/21/19 12:04,good,pol,
17539,8/21/19 12:07,good,pol,
17540,8/21/19 12:09,good,pol,
17541,8/21/19 12:11,good,pol,
17542,8/21/19 12:14,good,pol,
17543,8/21/19 12:16,good,pol,
17545,8/21/19 12:35,good,pol,
17546,8/21/19 12:37,good,pol,
17547,8/21/19 12:40,good,pol,
17548,8/21/19 12:42,good,pol,
17549,8/21/19 12:44,good,pol,
17550,8/21/19 12:47,good,pol,
17551,8/21/19 12:51,good,pol,
17552,8/21/19 12:54,good,pol,
17553,8/21/19 12:56,good,pol,
17554,8/21/19 12:59,good,pol,
17555,8/21/19 13:01,good,pol,
17556,8/21/19 13:03,good,pol,
17557,8/21/19 13:06,good,pol,
17558,8/21/19 13:09,good,pol,
17559,8/21/19 13:12,good,pol,
17560,8/21/19 13:14,good,pol,
17561,8/21/19 13:17,good,pol,
17562,8/21/19 13:19,good,pol,
17563,8/21/19 13:32,good,pol,
17564,8/21/19 13:34,good,pol,
17565,8/21/19 13:36,good,pol,
17566,8/21/19 13:39,good,pol,
17567,8/21/19 13:41,good,pol,
17568,8/21/19 13:44,good,pol,
17569,8/21/19 13:46,good,pol,
17570,8/21/19 13:48,good,pol,
17571,8/21/19 13:54,good,pol,
17572,beam_pol,NULL,,
17573,beam_pol,NULL,,
17574,beam_pol,NULL,,
17575,beam_pol,NULL,,
17576,beam_pol,NULL,,
17577,beam_pol,NULL,,
17578,beam_pol,NULL,,
17579,beam_pol,NULL,,
17580,beam_pol,NULL,,
17581,beam_pol,NULL,,
17582,beam_pol,NULL,,
17629,8/26/19 14:32,good,pol,
17630,8/26/19 14:35,good,pol,
17631,8/26/19 14:37,good,pol,
17632,8/26/19 14:41,good,pol,
17633,8/26/19 14:43,good,pol,
17634,8/26/19 14:46,good,pol,
17635,8/26/19 14:48,good,pol,
17636,8/26/19 14:50,good,pol,
17637,8/26/19 14:53,good,pol,
17638,8/26/19 14:56,good,pol,
17639,8/26/19 14:58,good,pol,
17640,8/26/19 15:01,good,pol,
17641,8/26/19 15:03,good,pol,
17642,8/26/19 15:06,good,pol,
17643,8/26/19 15:08,good,pol,
17644,8/26/19 15:13,good,pol,
17645,8/26/19 15:17,good,pol,
17646,8/26/19 15:19,good,pol,
17647,8/26/19 15:22,good,pol,
17648,8/26/19 15:24,good,pol,
17649,8/26/19 15:26,good,pol,
17650,8/26/19 15:29,good,pol,
17651,8/26/19 15:37,good,pol,
17652,8/26/19 15:40,good,pol,
17653,8/26/19 15:42,good,pol,
17654,8/26/19 15:45,good,pol,
17655,8/26/19 15:47,good,pol,
17656,8/26/19 15:50,good,pol,
17657,8/26/19 15:52,good,pol,
17658,8/26/19 15:55,good,pol,
17659,8/26/19 15:58,good,pol,
17660,8/26/19 16:00,good,pol,
17661,8/26/19 16:03,good,pol,
17662,8/26/19 16:05,good,pol,
17663,8/26/19 16:07,good,pol,
17664,8/26/19 16:09,good,pol,
17665,8/26/19 16:11,good,pol,
17666,8/26/19 16:14,good,pol,
17667,8/26/19 16:18,good,pol,
17668,8/26/19 16:20,good,pol,
17669,8/26/19 16:23,good,pol,
17670,8/26/19 16:25,good,pol,
17671,8/26/19 16:27,good,pol,
17672,8/26/19 16:31,good,pol,
17673,8/26/19 16:33,good,pol,
17674,8/26/19 16:37,good,pol,
17675,8/26/19 16:39,good,pol,
17676,8/26/19 16:43,good,pol,
17694,8/26/19 17:58,good,pol,
17695,8/26/19 18:02,good,pol,
17696,8/26/19 18:08,good,pol,
17697,8/26/19 18:10,good,pol,
17698,8/26/19 18:12,good,pol,
17699,8/26/19 18:14,good,pol,
17700,8/26/19 18:16,good,pol,
17701,8/26/19 18:19,good,pol,
17702,8/26/19 18:21,good,pol,
17703,8/26/19 18:23,good,pol,
17704,8/26/19 18:25,good,pol,
17705,8/26/19 18:27,good,pol,
17706,8/26/19 18:29,good,pol,
17707,8/26/19 18:32,good,pol,
17708,8/26/19 18:42,good,pol,
17709,8/26/19 18:45,good,pol,
17710,8/26/19 18:47,good,pol,
17711,8/26/19 18:50,good,pol,
17712,8/26/19 18:52,good,pol,
17713,8/26/19 18:54,good,pol,
17714,8/26/19 18:56,good,pol,
17715,8/26/19 18:59,good,pol,
17716,8/26/19 19:01,good,pol,
17717,8/26/19 19:03,good,pol,
17718,8/26/19 19:06,good,pol,
17719,8/26/19 19:08,good,pol,
17788,8/31/19 12:45,good,pol,
17789,8/31/19 12:47,good,pol,
17790,8/31/19 12:49,good,pol,
17791,8/31/19 12:52,good,pol,
17792,8/31/19 12:54,good,pol,
17793,8/31/19 12:56,good,pol,
17794,8/31/19 12:58,good,pol,
17795,8/31/19 13:01,good,pol,
17796,8/31/19 13:03,good,pol,
17797,8/31/19 13:06,good,pol,
17798,8/31/19 13:08,good,pol,
17799,8/31/19 13:10,good,pol,
17800,8/31/19 13:12,good,pol,
17801,8/31/19 13:14,good,pol,
17802,8/31/19 13:17,good,pol,
17803,8/31/19 13:19,good,pol,
17804,8/31/19 13:21,good,pol,
17807,8/31/19 13:30,good,pol,
17808,8/31/19 13:33,good,pol,
17809,8/31/19 13:35,good,pol,
17810,8/31/19 13:37,good,pol,
17811,8/31/19 13:39,good,pol,
17812,8/31/19 13:42,good,pol,
17813,8/31/19 13:44,good,pol,
17814,8/31/19 13:46,good,pol,
17815,8/31/19 13:48,good,pol,
17816,8/31/19 13:50,good,pol,
17817,8/31/19 13:53,good,pol,
17818,8/31/19 13:55,good,pol,
17819,8/31/19 13:57,good,pol,
17820,8/31/19 13:59,good,pol,
17821,8/31/19 14:01,good,pol,
17822,8/31/19 14:03,good,pol,
17831,8/31/19 15:13,good,pol,
17832,8/31/19 15:15,good,pol,
17833,8/31/19 15:18,good,pol,
17834,8/31/19 15:20,good,pol,
17835,8/31/19 15:22,good,pol,
17836,8/31/19 15:24,good,pol,
17837,8/31/19 15:27,good,pol,
17838,8/31/19 15:31,good,pol,
17839,8/31/19 15:33,good,pol,
17840,8/31/19 15:35,good,pol,
17841,8/31/19 15:37,good,pol,
17842,8/31/19 15:40,good,pol,
17843,8/31/19 15:42,good,pol,
17844,8/31/19 15:44,good,pol,
17845,8/31/19 15:47,good,pol,
17846,8/31/19 15:49,good,pol,
17847,8/31/19 15:51,good,pol,
17848,8/31/19 15:53,good,pol,
17849,8/31/19 15:55,good,pol,
17850,8/31/19 15:57,good,pol,
17851,8/31/19 16:00,good,pol,
17852,8/31/19 16:02,good,pol,
17853,8/31/19 16:04,good,pol,
17854,8/31/19 16:06,good,pol,
17855,8/31/19 16:09,good,pol,
17856,8/31/19 16:11,good,pol,
17857,8/31/19 16:19,good,pol,
17858,8/31/19 16:21,good,pol,
17859,8/31/19 16:23,good,pol,
17860,8/31/19 16:26,good,pol,
17861,8/31/19 16:28,good,pol,
17862,8/31/19 16:30,good,pol,
17863,8/31/19 16:32,good,pol,
17864,8/31/19 16:35,good,pol,
17865,8/31/19 16:37,good,pol,
17866,8/31/19 16:39,good,pol,
17867,8/31/19 16:41,good,pol,
17868,8/31/19 16:43,good,pol,
17869,8/31/19 16:46,good,pol,
17870,8/31/19 16:48,good,pol,
17871,8/31/19 16:50,good,pol,
17872,8/31/19 16:52,good,pol,
17873,8/31/19 16:54,good,pol,
17874,8/31/19 16:57,good,pol,
17875,8/31/19 16:59,good,pol,
17876,8/31/19 17:01,good,pol,
17877,8/31/19 17:04,good,pol,
17878,8/31/19 17:06,good,pol,
17879,8/31/19 17:08,good,pol,
17880,8/31/19 17:10,good,pol,
17881,8/31/19 17:12,good,pol,
17882,8/31/19 17:14,good,pol,
17928,beam_pol,NULL,,
17929,beam_pol,NULL,,
17930,beam_pol,NULL,,
17931,beam_pol,NULL,,
17932,beam_pol,NULL,,
17933,beam_pol,NULL,,
17934,beam_pol,NULL,,
17935,beam_pol,NULL,,
17936,beam_pol,NULL,,
17937,beam_pol,NULL,,
17938,beam_pol,NULL,,
17939,beam_pol,NULL,,
17940,beam_pol,NULL,,
17941,beam_pol,NULL,,
17942,beam_pol,NULL,,
17943,beam_pol,NULL,,
17944,beam_pol,NULL,,
17945,beam_pol,NULL,,
17946,beam_pol,NULL,,
17947,beam_pol,NULL,,
17948,beam_pol,NULL,,
17949,beam_pol,NULL,,
17950,beam_pol,NULL,,
17951,beam_pol,NULL,,
17952,beam_pol,NULL,,
17953,beam_pol,NULL,,
17954,beam_pol,NULL,,
17955,beam_pol,NULL,,
17956,beam_pol,NULL,,
17957,beam_pol,NULL,,
17958,beam_pol,NULL,,
17959,beam_pol,NULL,,
17960,beam_pol,NULL,,
17961,beam_pol,NULL,,
17962,beam_pol,NULL,,
17963,beam_pol,NULL,,
17964,beam_pol,NULL,,
17965,beam_pol,NULL,,
17966,beam_pol,NULL,,
17967,beam_pol,NULL,,
17968,beam_pol,NULL,,
17969,beam_pol,NULL,,
17970,beam_pol,NULL,,
17971,beam_pol,NULL,,
17972,beam_pol,NULL,,
17973,beam_pol,NULL,,
17974,beam_pol,NULL,,
17975,beam_pol,NULL,,
17976,beam_pol,NULL,,
17977,beam_pol,NULL,,
17986,8/31/19 22:35,good,pol,Low current
17987,8/31/19 22:38,good,pol,Low current
17988,8/31/19 22:40,good,pol,Low current
17989,8/31/19 22:43,good,pol,Low current
17990,8/31/19 22:45,good,pol,Low current
17991,8/31/19 22:47,good,pol,Low current
17992,8/31/19 22:51,good,pol,Low current
17993,8/31/19 22:53,good,pol,Low current
17994,8/31/19 22:55,good,pol,Low current
17995,8/31/19 22:57,good,pol,Low current
17996,8/31/19 22:59,good,pol,Low current
17997,8/31/19 23:02,good,pol,Low current
17998,8/31/19 23:05,good,pol,Low current
17999,8/31/19 23:07,good,pol,Low current
18000,8/31/19 23:09,good,pol,Low current
18001,8/31/19 23:12,good,pol,High current
18002,8/31/19 23:16,good,pol,High current
18003,8/31/19 23:19,good,pol,High current
18004,8/31/19 23:21,good,pol,High current
18005,8/31/19 23:24,good,pol,High current
18006,8/31/19 23:26,good,pol,High current
18007,8/31/19 23:28,good,pol,High current
18008,8/31/19 23:30,good,pol,High current
18051,9/4/19 13:31,good,pol,
18052,9/4/19 13:33,good,pol,
18053,9/4/19 13:36,good,pol,
18054,9/4/19 13:38,good,pol,
18055,9/4/19 13:41,good,pol,
18056,9/4/19 13:43,good,pol,
18057,9/4/19 13:45,good,pol,
18058,9/4/19 13:47,good,pol,
18059,9/4/19 13:49,good,pol,
18060,9/4/19 13:51,good,pol,
18061,9/4/19 13:54,good,pol,
18062,9/4/19 13:57,good,pol,
18063,9/4/19 14:00,good,pol,
18064,9/4/19 14:02,good,pol,
18065,9/4/19 14:04,good,pol,
18066,9/4/19 14:06,good,pol,
18067,9/4/19 14:08,good,pol,
18068,9/4/19 14:11,good,pol,
18069,9/4/19 14:13,good,pol,
18070,9/4/19 14:15,good,pol,
18071,9/4/19 14:17,good,pol,
18072,9/4/19 14:19,good,pol,
18073,9/4/19 14:21,good,pol,
18074,9/4/19 14:24,good,pol,
18075,9/4/19 14:26,good,pol,
18076,9/4/19 14:28,good,pol,
18077,9/4/19 14:37,good,pol,
18078,9/4/19 14:41,good,pol,
18079,9/4/19 14:43,good,pol,
18080,9/4/19 14:46,good,pol,
18081,9/4/19 14:49,good,pol,
18082,9/4/19 14:51,good,pol,
18083,9/4/19 14:53,good,pol,
18084,9/4/19 14:55,good,pol,
18085,9/4/19 14:57,good,pol,
18086,9/4/19 15:00,good,pol,
18087,9/4/19 15:02,good,pol,
18088,9/4/19 15:04,good,pol,
18089,9/4/19 15:06,good,pol,
18090,9/4/19 15:08,good,pol,
18091,9/4/19 15:11,good,pol,
18092,9/4/19 15:13,good,pol,
18093,9/4/19 15:15,good,pol,
18094,9/4/19 15:18,good,pol,
18095,9/4/19 15:21,good,pol,
18096,9/4/19 15:23,good,pol,
18097,9/4/19 15:25,good,pol,
18098,9/4/19 15:27,good,pol,
18099,9/4/19 15:30,good,pol,
18100,9/4/19 15:32,good,pol,
18101,9/4/19 15:34,good,pol,
18102,9/4/19 15:36,good,pol,
18103,9/4/19 15:38,good,pol,
18104,9/4/19 15:40,good,pol,
18105,9/4/19 15:50,good,pol,
18106,9/4/19 15:52,good,pol,
18107,9/4/19 15:54,good,pol,
18108,9/4/19 15:56,good,pol,
18109,9/4/19 15:58,good,pol,
18110,9/4/19 16:01,good,pol,
18111,9/4/19 16:03,good,pol,
18112,9/4/19 16:08,good,pol,
18113,9/4/19 16:10,good,pol,
18114,9/4/19 16:12,good,pol,
18115,9/4/19 16:15,good,pol,
18116,9/4/19 16:17,good,pol,
18117,9/4/19 16:19,good,pol,
18118,9/4/19 16:26,good,pol,
18119,9/4/19 16:28,good,pol,
18120,9/4/19 16:30,good,pol,
18121,9/4/19 16:32,good,pol,
18122,9/4/19 16:34,good,pol,
18123,9/4/19 16:36,good,pol,
18124,9/4/19 16:38,good,pol,
18125,9/4/19 16:41,good,pol,
18126,9/4/19 16:43,good,pol,
18127,9/4/19 16:45,good,pol,
18128,9/4/19 16:48,good,pol,
18129,9/4/19 16:50,good,pol,
18130,9/4/19 16:52,good,pol,
18131,9/4/19 16:54,good,pol,
18132,9/4/19 16:57,good,pol,
18133,9/4/19 16:59,good,pol,
18134,9/4/19 17:18,good,pol,10um foil jogged +2mm from center
18135,9/4/19 17:20,good,pol,10um foil jogged +2mm from center
18136,9/4/19 17:22,good,pol,10um foil jogged +2mm from center
18137,9/4/19 17:25,good,pol,10um foil jogged +2mm from center
18138,9/4/19 17:27,good,pol,10um foil jogged +2mm from center
18139,9/4/19 17:29,good,pol,10um foil jogged +2mm from center
18140,9/4/19 17:31,good,pol,10um foil jogged +2mm from center
18141,9/4/19 17:33,good,pol,10um foil jogged +2mm from center
18142,9/4/19 17:36,good,pol,10um foil jogged +2mm from center
18143,9/4/19 17:38,good,pol,10um foil jogged +2mm from center
18144,9/4/19 17:40,good,pol,10um foil jogged +2mm from center
18145,9/4/19 17:43,good,pol,10um foil jogged +2mm from center
18146,9/4/19 17:45,good,pol,10um foil jogged +2mm from center
18147,9/4/19 17:47,good,pol,10um foil jogged +2mm from center
18148,9/4/19 17:49,good,pol,10um foil jogged +2mm from center
18149,9/4/19 17:51,good,pol,10um foil jogged +2mm from center
18175,9/4/19 19:12,good,pol,4um foil jogged by +2mm from center
18176,9/4/19 19:15,good,pol,4um foil jogged by +2mm from center
18177,9/4/19 19:17,good,pol,4um foil jogged by +2mm from center
18178,9/4/19 19:19,good,pol,4um foil jogged by +2mm from center
18179,9/4/19 19:22,good,pol,4um foil jogged by +2mm from center
18180,9/4/19 19:24,good,pol,4um foil jogged by +2mm from center
18181,9/4/19 19:26,good,pol,4um foil jogged by +2mm from center
18182,9/4/19 19:28,good,pol,4um foil jogged by +2mm from center
18183,9/4/19 19:30,good,pol,4um foil jogged by +2mm from center
18184,9/4/19 19:33,good,pol,4um foil jogged by +2mm from center
18185,9/4/19 19:35,good,pol,4um foil jogged by +2mm from center
18186,9/4/19 19:37,good,pol,4um foil jogged by +2mm from center
18187,9/4/19 19:40,good,pol,4um foil jogged by +2mm from center
18188,9/4/19 19:42,good,pol,4um foil jogged by +2mm from center
18189,9/4/19 19:44,good,pol,4um foil jogged by +2mm from center
18190,9/4/19 19:46,good,pol,4um foil jogged by +2mm from center
18191,9/4/19 19:48,good,pol,4um foil jogged by +2mm from center
18192,9/4/19 19:51,good,pol,4um foil jogged by +2mm from center
18193,9/4/19 19:53,good,pol,4um foil jogged by +2mm from center
18194,9/4/19 19:55,good,pol,4um foil jogged by +2mm from center
18195,9/4/19 19:57,good,pol,4um foil jogged by +2mm from center
18196,9/4/19 20:00,good,pol,4um foil jogged by +2mm from center
18197,9/4/19 20:02,good,pol,4um foil jogged by +2mm from center
18198,9/4/19 20:05,good,pol,4um foil jogged by +2mm from center
18199,9/4/19 20:07,good,pol,4um foil jogged by +2mm from center
18200,9/4/19 20:20,good,pol,4um foil jogged by +2mm from center
18201,9/4/19 20:22,good,pol,4um foil jogged by +2mm from center
18202,9/4/19 20:24,good,pol,4um foil jogged by +2mm from center
18203,9/4/19 20:27,good,pol,4um foil jogged by +2mm from center
18204,9/4/19 20:29,good,pol,4um foil jogged by +2mm from center
18205,9/4/19 20:32,good,pol,4um foil jogged by +2mm from center
18206,9/4/19 20:34,good,pol,4um foil jogged by +2mm from center
18207,9/4/19 20:37,good,pol,4um foil jogged by +2mm from center
18208,9/4/19 20:39,good,pol,4um foil jogged by +2mm from center
18209,9/4/19 20:42,good,pol,4um foil jogged by +2mm from center
18210,9/4/19 20:44,good,pol,4um foil jogged by +2mm from center
18211,9/4/19 20:46,good,pol,4um foil jogged by +2mm from center
18212,9/4/19 20:48,good,pol,4um foil jogged by +2mm from center
18213,9/4/19 20:51,good,pol,4um foil jogged by +2mm from center
18214,9/4/19 20:53,good,pol,4um foil jogged by +2mm from center
18215,9/4/19 20:55,good,pol,4um foil jogged by +2mm from center
18216,9/4/19 20:57,good,pol,4um foil jogged by +2mm from center
18217,9/4/19 20:59,good,pol,4um foil jogged by +2mm from center
18218,9/4/19 21:02,good,pol,4um foil jogged by +2mm from center
18219,9/4/19 21:04,good,pol,4um foil jogged by +2mm from center
18220,9/4/19 21:07,good,pol,4um foil jogged by +2mm from center
18221,9/4/19 21:09,good,pol,4um foil jogged by +2mm from center
18222,9/4/19 21:11,good,pol,4um foil jogged by +2mm from center
18223,9/4/19 21:15,good,pol,4um foil jogged by +2mm from center
18224,9/4/19 21:33,good,pol,4um center
18225,9/4/19 21:37,good,pol,4um center
18226,9/4/19 21:39,good,pol,4um center
18227,9/4/19 21:41,good,pol,4um center
18228,9/4/19 21:44,good,pol,4um center
18229,9/4/19 21:46,good,pol,4um center
18230,9/4/19 21:48,good,pol,4um center
18231,9/4/19 21:51,good,pol,4um center
18232,9/4/19 21:53,good,pol,4um center
18233,9/4/19 21:55,good,pol,4um center
18234,9/4/19 21:58,good,pol,4um center
18235,9/4/19 22:00,good,pol,4um center
18236,9/4/19 22:02,good,pol,4um center
18237,9/4/19 22:04,good,pol,4um center
18238,9/4/19 22:07,good,pol,4um center
18239,9/4/19 22:09,good,pol,4um center
18240,9/4/19 22:11,good,pol,4um center
18241,9/4/19 22:14,good,pol,4um center
18242,9/4/19 22:16,good,pol,4um center
18243,9/4/19 22:18,good,pol,4um center
18244,9/4/19 22:20,good,pol,4um center
18245,9/4/19 22:22,good,pol,4um center
18246,9/4/19 22:34,good,pol,4um foil jogged by -2mm from center
18247,9/4/19 22:36,good,pol,4um foil jogged by -2mm from center
18248,9/4/19 22:38,good,pol,4um foil jogged by -2mm from center
18249,9/4/19 22:41,good,pol,4um foil jogged by -2mm from center
18250,9/4/19 22:43,good,pol,4um foil jogged by -2mm from center
18251,9/4/19 22:45,good,pol,4um foil jogged by -2mm from center
18252,9/4/19 22:47,good,pol,4um foil jogged by -2mm from center
18253,9/4/19 22:50,good,pol,4um foil jogged by -2mm from center
18254,9/4/19 22:52,good,pol,4um foil jogged by -2mm from center
18255,9/4/19 22:54,good,pol,4um foil jogged by -2mm from center
18256,9/4/19 22:56,good,pol,4um foil jogged by -2mm from center
18257,9/4/19 22:59,good,pol,4um foil jogged by -2mm from center
18258,9/4/19 23:01,good,pol,4um foil jogged by -2mm from center
18259,9/4/19 23:03,good,pol,4um foil jogged by -2mm from center
18260,9/4/19 23:05,good,pol,4um foil jogged by -2mm from center
18261,9/4/19 23:08,good,pol,4um foil jogged by -2mm from center
18262,9/4/19 23:10,good,pol,4um foil jogged by -2mm from center
18263,9/4/19 23:12,good,pol,4um foil jogged by -2mm from center
18264,9/4/19 23:14,good,pol,4um foil jogged by -2mm from center
18265,9/4/19 23:16,good,pol,4um foil jogged by -2mm from center
18266,9/4/19 23:18,good,pol,4um foil jogged by -2mm from center
18267,9/4/19 23:31,good,pol,4um foil jogged by -2mm from center
18268,9/4/19 23:33,good,pol,4um foil jogged by -2mm from center
18269,9/4/19 23:35,good,pol,4um foil jogged by -2mm from center
18270,9/4/19 23:37,good,pol,4um foil jogged by -2mm from center
18271,9/4/19 23:39,good,pol,4um foil jogged by -2mm from center
18272,9/4/19 23:42,good,pol,4um foil jogged by -2mm from center
18273,9/4/19 23:44,good,pol,4um foil jogged by -2mm from center
18274,9/4/19 23:46,good,pol,4um foil jogged by -2mm from center
18275,9/4/19 23:49,good,pol,4um foil jogged by -2mm from center
18276,9/4/19 23:51,good,pol,4um foil jogged by -2mm from center
18277,9/4/19 23:53,good,pol,4um foil jogged by -2mm from center
18278,9/4/19 23:56,good,pol,4um foil jogged by -2mm from center
18279,9/4/19 23:58,good,pol,4um foil jogged by -2mm from center
18280,9/5/19 0:00,good,pol,4um foil jogged by -2mm from center
18281,9/5/19 0:23,good,pol,8 PMTs on
18282,9/5/19 0:26,good,pol,8 PMTs on
18283,9/5/19 0:30,good,pol,8 PMTs on
18284,9/5/19 0:32,good,pol,8 PMTs on
18285,9/5/19 0:34,good,pol,8 PMTs on
18286,9/5/19 0:37,good,pol,8 PMTs on
18287,9/5/19 0:39,good,pol,8 PMTs on
18288,9/5/19 0:42,good,pol,8 PMTs on
18289,9/5/19 0:44,good,pol,8 PMTs on
18290,9/5/19 0:46,good,pol,8 PMTs on
18291,9/5/19 0:49,good,pol,8 PMTs on
18292,9/5/19 0:54,good,pol,8 PMTs on
18293,9/5/19 0:56,good,pol,8 PMTs on
18294,9/5/19 0:58,good,pol,8 PMTs on
18295,9/5/19 1:00,good,pol,8 PMTs on
18296,9/5/19 1:03,good,pol,8 PMTs on
18297,9/5/19 1:05,good,pol,8 PMTs on
18298,9/5/19 1:07,good,pol,8 PMTs on
18299,9/5/19 1:10,good,pol,8 PMTs on
18300,9/5/19 1:12,good,pol,8 PMTs on
18301,9/5/19 1:14,good,pol,8 PMTs on
18302,9/5/19 1:17,good,pol,8 PMTs on
18345,9/8/19 13:07,good,pol,
18346,9/8/19 13:09,good,pol,
18347,9/8/19 13:11,good,pol,
18348,9/8/19 13:14,good,pol,
18349,9/8/19 13:16,good,pol,
18350,9/8/19 13:18,good,pol,
18351,9/8/19 13:20,good,pol,
18352,9/8/19 13:22,good,pol,
18353,9/8/19 13:24,good,pol,
18354,9/8/19 13:27,good,pol,
18355,9/8/19 13:29,good,pol,
18356,9/8/19 13:31,good,pol,
18357,9/8/19 13:33,good,pol,
18358,9/8/19 13:35,good,pol,
18359,9/8/19 13:37,good,pol,
18360,9/8/19 13:40,good,pol,
18361,9/8/19 13:42,good,pol,
18362,9/8/19 13:45,good,pol,
18363,9/8/19 13:47,good,pol,
18364,9/8/19 13:51,good,pol,
18365,9/8/19 13:54,good,pol,
18366,9/8/19 13:56,good,pol,
18367,9/8/19 13:59,good,pol,
18368,9/8/19 14:02,good,pol,
18369,9/8/19 14:04,good,pol,
18370,9/8/19 14:06,good,pol,
18371,9/8/19 14:08,good,pol,
18372,9/8/19 14:10,good,pol,
18373,9/8/19 14:12,good,pol,
18374,9/8/19 14:15,good,pol,
18375,9/8/19 14:17,good,pol,
18376,9/8/19 15:04,good,pol,
18377,9/8/19 15:06,good,pol,
18378,9/8/19 15:09,good,pol,
18379,9/8/19 15:11,good,pol,
18380,9/8/19 15:13,good,pol,
18381,9/8/19 15:16,good,pol,
18382,9/8/19 15:18,good,pol,
18383,9/8/19 15:20,good,pol,
18384,9/8/19 15:25,good,pol,
18385,9/8/19 15:27,good,pol,
18386,9/8/19 15:29,good,pol,
18387,9/8/19 15:31,good,pol,
18388,9/8/19 15:33,good,pol,
18389,9/8/19 15:35,good,pol,
18390,9/8/19 15:37,good,pol,
18391,9/8/19 15:40,good,pol,
18392,9/8/19 15:42,good,pol,
18393,9/8/19 15:44,good,pol,
18394,9/8/19 15:47,good,pol,
18395,9/8/19 15:49,good,pol,
18396,9/8/19 15:52,good,pol,
18397,9/8/19 15:54,good,pol,
18398,9/8/19 15:56,good,pol,
18399,9/8/19 15:58,good,pol,
18400,9/8/19 16:00,good,pol,
18401,9/8/19 16:02,good,pol,
18402,9/8/19 16:12,good,pol,
18403,9/8/19 16:14,good,pol,
18404,9/8/19 16:16,good,pol,
18405,9/8/19 16:18,good,pol,
18406,9/8/19 16:21,good,pol,
18407,9/8/19 16:23,good,pol,
18408,9/8/19 16:25,good,pol,
18409,9/8/19 16:27,good,pol,
18410,9/8/19 16:29,good,pol,
18411,9/8/19 16:31,good,pol,
18412,9/8/19 16:34,good,pol,
18413,9/8/19 16:36,good,pol,
18414,9/8/19 16:38,good,pol,
18415,9/8/19 16:40,good,pol,
18416,9/8/19 16:43,good,pol,
18417,9/8/19 16:45,good,pol,
18418,9/8/19 16:47,good,pol,
18419,9/8/19 16:49,good,pol,
18420,9/8/19 16:51,good,pol,
18421,9/8/19 16:53,good,pol,
18422,9/8/19 16:55,good,pol,
18423,9/8/19 16:58,good,pol,